dataset,method,window,subject,classes,samples,accuracy,c0,c1,c_ba,ba_converged,i_uniform,itr_c1_bpm,itr_ba_bpm,itr_mi_bpm
JBHI35,BPRCA,0.2,S01,35,210,0.24285714285714285,5.129283016944966,0.4775874543833911,3.2260845507507168,True,2.8770318342662455,40.93606751857639,276.52153292149,246.6027286513925
JBHI35,BPRCA,0.2,S03,35,210,0.1619047619047619,5.129283016944966,0.22665769652939627,2.8512165264714366,True,2.6070590384160806,19.42780255966254,244.38998798326602,223.46220329280692
JBHI35,BPRCA,0.2,S04,35,210,0.40476190476190477,5.129283016944966,1.127363261174906,3.582724687310425,True,3.162434505253086,96.63113667213482,307.09068748375074,271.0658147359788
JBHI35,BPRCA,0.2,S05,35,210,0.06666666666666667,5.129283016944966,0.027625030089894587,2.6616279394901396,True,2.472677160204163,2.367859721990965,228.13953767058342,211.94375658892827
JBHI35,BPRCA,0.2,S06,35,210,0.13333333333333333,5.129283016944966,0.15363904797509953,2.7677161353461095,True,2.5530682389312274,13.169061255008533,237.23281160109514,218.8344204798195
JBHI35,BPRCA,0.4,S01,35,210,0.4095238095238095,5.129283016944966,1.149007590123181,3.6234713709414366,True,3.1434163781723425,76.60050600821208,241.56475806276245,209.5610918781562
JBHI35,BPRCA,0.4,S03,35,210,0.3523809523809524,5.129283016944966,0.898368685262378,3.4590743957151764,True,3.0922689506568934,59.89124568415854,230.6049597143451,206.15126337712624
JBHI35,BPRCA,0.4,S04,35,210,0.580952380952381,5.129283016944966,2.016386106863246,4.107910228648942,True,3.817284777873316,134.42574045754975,273.8606819099295,254.48565185822108
JBHI35,BPRCA,0.4,S05,35,210,0.13333333333333333,5.129283016944966,0.15363904797509953,2.7690708960018786,True,2.52534362287918,10.24260319833997,184.60472640012526,168.35624152527868
JBHI35,BPRCA,0.4,S06,35,210,0.2904761904761905,5.129283016944966,0.6502714221069281,3.111083618619724,True,2.7669459477928844,43.35142814046188,207.40557457464828,184.4630631861923
JBHI35,BPRCA,0.6,S01,35,210,0.5142857142857142,5.129283016944966,1.6588185721703317,3.716780920446306,True,3.3591322951590317,90.48101302747263,202.73350475161666,183.22539791776535
JBHI35,BPRCA,0.6,S03,35,210,0.4857142857142857,5.129283016944966,1.5134624909917518,3.8183708502321507,True,3.3839233306169083,82.55249950864099,208.27477364902637,184.57763621546772
JBHI35,BPRCA,0.6,S04,35,210,0.7142857142857143,5.129283016944966,2.812601636592524,4.279722969847216,True,4.072547530472369,153.41463472322857,233.43943471893905,222.13895620758376
JBHI35,BPRCA,0.6,S05,35,210,0.11428571428571428,5.129283016944966,0.11053535837807438,2.9283306536803324,True,2.6703458406067577,6.029201366076784,159.72712656438176,145.6552276694595
JBHI35,BPRCA,0.6,S06,35,210,0.38095238095238093,5.129283016944966,1.0211893750985768,3.4298774633619,True,3.026418095931997,55.701238641740545,187.08422527428542,165.0773506871998
JBHI35,BPRCA,0.8,S01,35,210,0.5571428571428572,5.129283016944966,1.8857060582694327,3.7229058021615016,True,3.4920569009658635,87.03258730474305,171.82642163822314,161.17185696765523
JBHI35,BPRCA,0.8,S03,35,210,0.45714285714285713,5.129283016944966,1.3728236791906192,3.6522872775790556,True,3.3113430400993633,63.361092885720886,168.56710511903333,152.83121723535524
JBHI35,BPRCA,0.8,S04,35,210,0.7523809523809524,5.129283016944966,3.062047765042184,4.455132124740679,True,4.221636480095254,141.32528146348542,205.62148268033903,194.84476061978097
JBHI35,BPRCA,0.8,S05,35,210,0.10952380952380952,5.129283016944966,0.10054053582401501,2.829314408743641,True,2.6580023255665384,4.640332422646846,130.5837419420142,122.67703041076331
JBHI35,BPRCA,0.8,S06,35,210,0.44285714285714284,5.129283016944966,1.3042817335551078,3.576305068481747,True,3.224273294906843,60.197618471774206,165.0602339299268,148.81261361108506
JBHI35,BPRCA,1.0,S01,35,210,0.5476190476190477,5.129283016944966,1.8343644932372296,3.8425940345707685,True,3.537215123310058,73.37457972948918,153.70376138283075,141.48860493240232
JBHI35,BPRCA,1.0,S03,35,210,0.5047619047619047,5.129283016944966,1.6098430391852125,3.843039131081047,True,3.514189981331354,64.3937215674085,153.72156524324188,140.56759925325417
JBHI35,BPRCA,1.0,S04,35,210,0.8238095238095238,5.129283016944966,3.561248607770091,4.601821678747492,True,4.440169075973375,142.44994431080363,184.07286714989968,177.60676303893501
JBHI35,BPRCA,1.0,S05,35,210,0.1380952380952381,5.129283016944966,0.165145976204788,2.8647145521365442,True,2.6415400093297787,6.60583904819152,114.58858208546177,105.66160037319115
JBHI35,BPRCA,1.0,S06,35,210,0.44285714285714284,5.129283016944966,1.3042817335551078,3.545147773594881,True,3.254609394601699,52.17126934220431,141.80591094379525,130.18437578406798
JBHI35,BPRCA,1.2,S01,35,210,0.638095238095238,5.129283016944966,2.343853054555168,4.092314420511396,True,3.765314141336078,82.7242254548883,144.43462660628458,132.89344028244983
JBHI35,BPRCA,1.2,S03,35,210,0.5238095238095238,5.129283016944966,1.708317991374802,3.866459977305476,True,3.4908667970459586,60.29357616616948,136.46329331666388,123.20706342515149
JBHI35,BPRCA,1.2,S04,35,210,0.7952380952380952,5.129283016944966,3.356214161762616,4.549628032910338,True,4.361805889638141,118.4546174739747,160.5751070438943,153.94609022252266
JBHI35,BPRCA,1.2,S05,35,210,0.14761904761904762,5.129283016944966,0.18897683817638722,3.0331081134833098,True,2.729162422011223,6.669770759166608,107.05087459352859,96.32337960039611
JBHI35,BPRCA,1.2,S06,35,210,0.4857142857142857,5.129283016944966,1.5134624909917518,3.6793976584225594,True,3.3289467980046563,53.416323211473596,129.86109382667857,117.49223992957612
JBHI35,BPRCA,1.4,S01,35,210,0.6571428571428571,5.129283016944966,2.457483454370317,4.169206254863964,True,3.8578909151358527,77.6047406643258,131.65914489044096,121.82813416218482
JBHI35,BPRCA,1.4,S03,35,210,0.5619047619047619,5.129283016944966,1.9115755868355633,3.9336392107203983,True,3.6297030881426062,60.36554484743885,124.2201856016968,114.62220278345073
JBHI35,BPRCA,1.4,S04,35,210,0.8142857142857143,5.129283016944966,3.492049002956715,4.567466949725549,True,4.4284929071863965,110.27523167231733,144.23579841238578,139.84714443746518
JBHI35,BPRCA,1.4,S05,35,210,0.16666666666666666,5.129283016944966,0.23970822758799581,2.9777636775521277,True,2.6814111613381137,7.569733502778816,94.03464244901457,84.67614193699308
JBHI35,BPRCA,1.4,S06,35,210,0.5142857142857142,5.129283016944966,1.6588185721703317,3.722079530371628,True,3.3877679189953884,52.38374438432627,117.53935359068299,106.98214481038069
JBHI35,BPRCA,1.6,S01,35,210,0.7380952380952381,5.129283016944966,2.96724516971977,4.33934521351258,True,4.105126301955403,84.77843342056485,123.98129181464513,117.28932291301152
JBHI35,BPRCA,1.6,S03,35,210,0.638095238095238,5.129283016944966,2.343853054555168,4.18953310245193,True,3.8606624513066174,66.96723013014766,119.70094578434083,110.30464146590334
JBHI35,BPRCA,1.6,S04,35,210,0.8333333333333334,5.129283016944966,3.6313501217548887,4.648026415315483,True,4.502991940352864,103.75286062156825,132.80075472329952,128.6569125815104
JBHI35,BPRCA,1.6,S05,35,210,0.21904761904761905,5.129283016944966,0.3977921315213795,3.064618979923482,True,2.7468128834527206,11.365489472039414,87.56054228352805,78.48036809864915
JBHI35,BPRCA,1.6,S06,35,210,0.5238095238095238,5.129283016944966,1.708317991374802,3.7846902341785458,True,3.4621646821999916,48.80908546785148,108.13400669081558,98.91899091999976
JBHI35,BPRCA,1.8,S01,35,210,0.7571428571428571,5.129283016944966,3.0939969155978506,4.498352337981831,True,4.2299328970935255,80.71296301559612,117.34832186039559,110.34607557635285
JBHI35,BPRCA,1.8,S03,35,210,0.7142857142857143,5.129283016944966,2.812601636592524,4.307573963684651,True,4.134938189541221,73.3722166067615,112.37149470481698,107.86795277064056
JBHI35,BPRCA,1.8,S04,35,210,0.8476190476190476,5.129283016944966,3.7382838792407864,4.6993341112970075,True,4.570320347435806,97.5204490236727,122.59132464253064,119.22574819397757
JBHI35,BPRCA,1.8,S05,35,210,0.22857142857142856,5.129283016944966,0.4291561669901274,3.2409961234108073,True,2.895836851719376,11.195378269307671,84.5477249585428,75.5435700448533
JBHI35,BPRCA,1.8,S06,35,210,0.49047619047619045,5.129283016944966,1.5373612984741198,3.8093664612430507,True,3.471235661686298,40.105077351498785,99.37477724981872,90.55397378312082
JBHI35,BPRCA,2.0,S01,35,210,0.7666666666666667,5.129283016944966,3.158431406501853,4.507375205566157,True,4.308066036077097,75.80235375604447,108.17700493358777,103.39358486585033
JBHI35,BPRCA,2.0,S03,35,210,0.7238095238095238,5.129283016944966,2.8739662372231507,4.388400080022769,True,4.1165948693656045,68.97518969335562,105.32160192054644,98.79827686477451
JBHI35,BPRCA,2.0,S04,35,210,0.861904761904762,5.129283016944966,3.8475000327288438,4.775855598885541,True,4.639167347318277,92.34000078549225,114.62053437325298,111.34001633563864
JBHI35,BPRCA,2.0,S05,35,210,0.2619047619047619,5.129283016944966,0.5446438167434176,3.295076886765658,True,2.983740279370559,13.071451601842021,79.0818452823758,71.60976670489342
JBHI35,BPRCA,2.0,S06,35,210,0.5,5.129283016944966,1.5855515963197968,3.890904133053738,True,3.4958605137358885,38.05323831167512,93.38169919328972,83.90065232966133
JBHI35,EBPRCA,0.2,S01,35,210,0.36666666666666664,5.129283016944966,0.9591449738925131,3.4626476898926426,True,3.0480875123315796,82.21242633364399,296.7983734193694,261.26464391413543
JBHI35,EBPRCA,0.2,S03,35,210,0.23809523809523808,5.129283016944966,0.4612624996153203,3.102350427124545,True,2.737057617537962,39.53678568131317,265.9157508963896,234.60493864611107
JBHI35,EBPRCA,0.2,S04,35,210,0.4095238095238095,5.129283016944966,1.149007590123181,3.5258368687187804,True,3.153544574880195,98.48636486770124,302.21458874732406,270.30382070401674
JBHI35,EBPRCA,0.2,S05,35,210,0.08095238095238096,5.129283016944966,0.04813629991065227,2.662377882534273,True,2.5089139857758034,4.125968563770195,228.2038185029377,215.0497702093546
JBHI35,EBPRCA,0.2,S06,35,210,0.2,5.129283016944966,0.33738464905733156,2.9512230068949385,True,2.622703975581417,28.918684204914136,252.9619720195662,224.80319790697862
JBHI35,EBPRCA,0.4,S01,35,210,0.47619047619047616,5.129283016944966,1.4660578560771658,3.656994847991583,True,3.303717488885037,97.73719040514439,243.79965653277222,220.2478325923358
JBHI35,EBPRCA,0.4,S03,35,210,0.44285714285714284,5.129283016944966,1.3042817335551078,3.710853252734029,True,3.2798236785173014,86.95211557034052,247.3902168489353,218.65491190115344
JBHI35,EBPRCA,0.4,S04,35,210,0.6571428571428571,5.129283016944966,2.457483454370317,4.225107977901458,True,3.89898072620606,163.83223029135448,281.6738651934306,259.93204841373733
JBHI35,EBPRCA,0.4,S05,35,210,0.16666666666666666,5.129283016944966,0.23970822758799581,3.098761212025395,True,2.7467256466681005,15.98054850586639,206.58408080169303,183.11504311120672
JBHI35,EBPRCA,0.4,S06,35,210,0.319047619047619,5.129283016944966,0.7616203117606619,3.0954010115080894,True,2.757663039276056,50.7746874507108,206.36006743387264,183.84420261840376
JBHI35,EBPRCA,0.6,S01,35,210,0.5761904761904761,5.129283016944966,1.9899829002072016,3.927947333886057,True,3.6136581824399796,108.54452182948371,214.25167275742126,197.10862813308978
JBHI35,EBPRCA,0.6,S03,35,210,0.5380952380952381,5.129283016944966,1.783551179487342,3.858564464050518,True,3.4908801373800906,97.28460979021864,210.46715258457368,190.41164385709584
JBHI35,EBPRCA,0.6,S04,35,210,0.719047619047619,5.129283016944966,2.843202965548679,4.40263125778275,True,4.143840448165909,155.08379812083703,240.14352315178635,226.02766080904954
JBHI35,EBPRCA,0.6,S05,35,210,0.16666666666666666,5.129283016944966,0.23970822758799581,3.038823345710219,True,2.7401251615055786,13.074994232072498,165.75400067510284,149.46137244575883
JBHI35,EBPRCA,0.6,S06,35,210,0.40476190476190477,5.129283016944966,1.127363261174906,3.487277309122379,True,3.160605142336327,61.492541518631235,190.21512595212974,172.396644127436
JBHI35,EBPRCA,0.8,S01,35,210,0.6619047619047619,5.129283016944966,2.486251751015157,4.085954419642351,True,3.847946836967691,114.75008081608416,188.58251167580082,177.59754632158572
JBHI35,EBPRCA,0.8,S03,35,210,0.5476190476190477,5.129283016944966,1.8343644932372296,3.845579753126435,True,3.5362077888179964,84.66297661094906,177.48829629814315,163.2095902531383
JBHI35,EBPRCA,0.8,S04,35,210,0.7476190476190476,5.129283016944966,3.0302742187148777,4.447388749832006,True,4.181170777104422,139.85881009453283,205.2640961460926,192.97711278943487
JBHI35,EBPRCA,0.8,S05,35,210,0.18571428571428572,5.129283016944966,0.2942152170279311,2.9816776252042274,True,2.7074267958040683,13.579163862827588,137.61589039404126,124.95815980634161
JBHI35,EBPRCA,0.8,S06,35,210,0.5523809523809524,5.129283016944966,1.859969120302484,3.880081194416266,True,3.5776912500058837,85.84472862934541,179.08067051151997,165.1242115387331
JBHI35,EBPRCA,1.0,S01,35,210,0.680952380952381,5.129283016944966,2.6027973400226903,4.152453253078807,True,3.9118096049767868,104.1118936009076,166.0981301231523,156.47238419907148
JBHI35,EBPRCA,1.0,S03,35,210,0.5761904761904761,5.129283016944966,1.9899829002072016,3.9279259244911757,True,3.6795201927928094,79.59931600828807,157.11703697964703,147.18080771171236
JBHI35,EBPRCA,1.0,S04,35,210,0.8,5.129283016944966,3.389862353807536,4.61723103921971,True,4.396174550726102,135.59449415230145,184.6892415687884,175.84698202904409
JBHI35,EBPRCA,1.0,S05,35,210,0.17142857142857143,5.129283016944966,0.25299432762190577,2.984967988278171,True,2.714320342986086,10.11977310487623,119.39871953112684,108.57281371944345
JBHI35,EBPRCA,1.0,S06,35,210,0.5952380952380952,5.129283016944966,2.096403802365447,3.946993025408043,True,3.6264544777858196,83.85615209461788,157.87972101632172,145.0581791114328
JBHI35,EBPRCA,1.2,S01,35,210,0.7333333333333333,5.129283016944966,2.9359855173370413,4.35789509096316,True,4.153496918397043,103.6230182589544,153.80806203399388,146.59400888460155
JBHI35,EBPRCA,1.2,S03,35,210,0.5571428571428572,5.129283016944966,1.8857060582694327,3.8716342339782273,True,3.5389476118285037,66.55433146833292,136.64591414040802,124.90403335865308
JBHI35,EBPRCA,1.2,S04,35,210,0.8047619047619048,5.129283016944966,3.423715025134875,4.58661862455982,True,4.385742986033991,120.83700088711325,161.88065733740544,154.79092891884676
JBHI35,EBPRCA,1.2,S05,35,210,0.22857142857142856,5.129283016944966,0.4291561669901274,3.0778371430767844,True,2.856751504988746,15.14668824671038,108.62954622623946,100.82652370548516
JBHI35,EBPRCA,1.2,S06,35,210,0.6095238095238096,5.129283016944966,2.17764374402244,4.059802818253907,True,3.759099889870928,76.85801449490965,143.28715829131437,132.67411376015042
JBHI35,EBPRCA,1.4,S01,35,210,0.8,5.129283016944966,3.389862353807536,4.543887338726273,True,4.379844156959615,107.04828485708009,143.49117911767178,138.3108681145142
JBHI35,EBPRCA,1.4,S03,35,210,0.6333333333333333,5.129283016944966,2.31580173155927,4.1033219170643775,True,3.7862378268366603,73.13058099660853,129.57858685466456,119.56540505799981
JBHI35,EBPRCA,1.4,S04,35,210,0.8380952380952381,5.129283016944966,3.666751617755817,4.67901291001164,True,4.542406514200174,115.7921563501837,147.75830242142024,143.44441623790024
JBHI35,EBPRCA,1.4,S05,35,210,0.20476190476190476,5.129283016944966,0.3521884840719398,3.0069458084491556,True,2.683297726753497,11.121741602271785,94.95618342471019,84.73571768695254
JBHI35,EBPRCA,1.4,S06,35,210,0.6428571428571429,5.129283016944966,2.3720460435420714,4.06766732255436,True,3.7838798566440897,74.90671716448647,128.45265229119033,119.49094284139231
JBHI35,EBPRCA,1.6,S01,35,210,0.8,5.129283016944966,3.389862353807536,4.567873895751622,True,4.3800564804959246,96.85321010878674,130.5106827357606,125.14447087131212
JBHI35,EBPRCA,1.6,S03,35,210,0.7,5.129283016944966,2.7217532653391716,4.238735169045667,True,4.032659829874333,77.76437900969061,121.1067191155905,115.21885228212378
JBHI35,EBPRCA,1.6,S04,35,210,0.8761904761904762,5.129283016944966,3.9591936836295574,4.772509752311473,True,4.664869509343341,113.11981953227306,136.3574214946135,133.2819859812383
JBHI35,EBPRCA,1.6,S05,35,210,0.2619047619047619,5.129283016944966,0.5446438167434176,3.1935292861437636,True,2.857209604876342,15.561251906954785,91.24369388982181,81.63456013932405
JBHI35,EBPRCA,1.6,S06,35,210,0.6761904761904762,5.129283016944966,2.5734379324677246,4.141146259344649,True,3.925846585328049,73.52679807050642,118.31846455270424,112.1670452950871
JBHI35,EBPRCA,1.8,S01,35,210,0.8047619047619048,5.129283016944966,3.423715025134875,4.547712074050097,True,4.378273875283736,89.31430500351848,118.63596714913298,114.21584022479313
JBHI35,EBPRCA,1.8,S03,35,210,0.7476190476190476,5.129283016944966,3.0302742187148777,4.430057431124699,True,4.279654187281998,79.05063179256203,115.56671559455738,111.6431527117043
JBHI35,EBPRCA,1.8,S04,35,210,0.8904761904761904,5.129283016944966,4.0736067547052315,4.802228784325721,True,4.69022518482815,106.26800229665822,125.27553350414927,122.35370047377783
JBHI35,EBPRCA,1.8,S05,35,210,0.26666666666666666,5.129283016944966,0.5618361914202161,3.218161835863133,True,2.844175139271482,14.656596297918682,83.95204789208174,74.1958731983865
JBHI35,EBPRCA,1.8,S06,35,210,0.680952380952381,5.129283016944966,2.6027973400226903,4.157939727910064,True,3.918238041723754,67.89906104407018,108.46799290200167,102.21490543627185
JBHI35,EBPRCA,2.0,S01,35,210,0.780952380952381,5.129283016944966,3.256461728033475,4.459837362456609,True,4.285120024954437,78.1550814728034,107.03609669895862,102.84288059890648
JBHI35,EBPRCA,2.0,S03,35,210,0.7428571428571429,5.129283016944966,2.998674060382747,4.46635026359758,True,4.2338177448751395,71.96817744918593,107.19240632634191,101.61162587700335
JBHI35,EBPRCA,2.0,S04,35,210,0.8952380952380953,5.129283016944966,4.112399486030791,4.800198130518856,True,4.699583428520219,98.69758766473898,115.20475513245255,112.79000228448525
JBHI35,EBPRCA,2.0,S05,35,210,0.29523809523809524,5.129283016944966,0.6684411604789422,3.344786122009414,True,2.9675459594689366,16.042587851494613,80.27486692822595,71.22110302725449
JBHI35,EBPRCA,2.0,S06,35,210,0.6857142857142857,5.129283016944966,2.632307330530408,4.186241294343719,True,3.92935012553112,63.17537593272979,100.46979106424925,94.30440301274689
JBHI35,EEG_TDCA,0.2,S01,35,210,0.46190476190476193,5.129283016944966,1.395934963011126,3.6441297200782548,True,3.3123246281462864,119.65156825809652,312.35397600670757,283.913539555396
JBHI35,EEG_TDCA,0.2,S03,35,210,0.2904761904761905,5.129283016944966,0.6502714221069281,3.34143351443247,True,2.9507683114969474,55.73755046630813,286.4085869513546,252.9229981283098
JBHI35,EEG_TDCA,0.2,S04,35,210,0.6190476190476191,5.129283016944966,2.232490051586753,4.04421383509577,True,3.7456147090487777,191.3562901360074,346.64690015106606,321.0526893470381
JBHI35,EEG_TDCA,0.2,S05,35,210,0.04285714285714286,5.129283016944966,0.004612184272306585,2.700676848444947,True,2.4955613282619633,0.39533008048342166,231.4865870095669,213.9052567081683
JBHI35,EEG_TDCA,0.2,S06,35,210,0.2619047619047619,5.129283016944966,0.5446438167434176,3.18332090306384,True,2.828160785472314,46.68375572086437,272.85607740547204,242.41378161191264
JBHI35,EEG_TDCA,0.4,S01,35,210,0.5904761904761905,5.129283016944966,2.0695961042541953,3.8791017450995864,True,3.6345983475869517,137.97307361694635,258.6067830066391,242.3065565057968
JBHI35,EEG_TDCA,0.4,S03,35,210,0.5238095238095238,5.129283016944966,1.708317991374802,3.823012208764145,True,3.567657018811599,113.88786609165346,254.86748058427634,237.8438012541066
JBHI35,EEG_TDCA,0.4,S04,35,210,0.7666666666666667,5.129283016944966,3.158431406501853,4.435945502770383,True,4.2436039946290025,210.5620937667902,295.7297001846922,282.90693297526684
JBHI35,EEG_TDCA,0.4,S05,35,210,0.08571428571428572,5.129283016944966,0.055887902347216745,2.708277650784323,True,2.459807650598891,3.7258601564811165,180.55184338562157,163.98717670659272
JBHI35,EEG_TDCA,0.4,S06,35,210,0.3761904761904762,5.129283016944966,1.0003682616769511,3.4267812843338903,True,3.0699163102166063,66.69121744513008,228.45208562225937,204.66108734777376
JBHI35,EEG_TDCA,0.6,S01,35,210,0.638095238095238,5.129283016944966,2.343853054555168,4.194386855725243,True,3.8361345943158467,127.84653024846371,228.78473758501323,209.2437051445007
JBHI35,EEG_TDCA,0.6,S03,35,210,0.5476190476190477,5.129283016944966,1.8343644932372296,3.881904167707193,True,3.6363553905863784,100.05624508566706,211.74022732948325,198.3466576683479
JBHI35,EEG_TDCA,0.6,S04,35,210,0.8285714285714286,5.129283016944966,3.596184194729272,4.638895838948212,True,4.449725790621599,196.15550153068753,253.0306821244479,242.71231585208722
JBHI35,EEG_TDCA,0.6,S05,35,210,0.12380952380952381,5.129283016944966,0.13148354592692169,2.8485033441421583,True,2.603582299541778,7.171829777832091,155.37290968048134,142.01357997500605
JBHI35,EEG_TDCA,0.6,S06,35,210,0.44761904761904764,5.129283016944966,1.3269968226476863,3.6756611191445088,True,3.299901274017934,72.38164487169198,200.49060649879138,179.99461494643273
JBHI35,EEG_TDCA,0.8,S01,35,210,0.6952380952380952,5.129283016944966,2.691783993357228,4.297103321980317,True,4.032471200491163,124.23618430879515,198.32784562986078,186.11405540728447
JBHI35,EEG_TDCA,0.8,S03,35,210,0.6142857142857143,5.129283016944966,2.2049978613834957,4.005895297191231,True,3.8185836500565196,101.76913206385365,184.8874752549799,176.2423223103009
JBHI35,EEG_TDCA,0.8,S04,35,210,0.8714285714285714,5.129283016944966,3.921673386186626,4.785228265221477,True,4.615121096126567,181.00031013169044,220.85668916406817,213.00558905199543
JBHI35,EEG_TDCA,0.8,S05,35,210,0.12857142857142856,5.129283016944966,0.14241527554351663,2.8112787079015695,True,2.5976994378677696,6.573012717393075,129.75132498007244,119.89382020928167
JBHI35,EEG_TDCA,0.8,S06,35,210,0.5190476190476191,5.129283016944966,1.6835027573375672,3.72544209798385,True,3.4433243428296203,77.70012726173387,171.94348144540845,158.9226619767517
JBHI35,EEG_TDCA,1.0,S01,35,210,0.7380952380952381,5.129283016944966,2.96724516971977,4.404517704677134,True,4.18371671929073,118.6898067887908,176.18070818708534,167.34866877162918
JBHI35,EEG_TDCA,1.0,S03,35,210,0.6190476190476191,5.129283016944966,2.232490051586753,3.9706587286191946,True,3.767955390791046,89.29960206347012,158.8263491447678,150.71821563164184
JBHI35,EEG_TDCA,1.0,S04,35,210,0.8571428571428571,5.129283016944966,3.810829832469733,4.731805576407542,True,4.590185345554848,152.43319329878932,189.27222305630167,183.6074138221939
JBHI35,EEG_TDCA,1.0,S05,35,210,0.18095238095238095,5.129283016944966,0.28025261653864675,2.9493552964959924,True,2.6033511648503582,11.21010466154587,117.9742118598397,104.13404659401434
JBHI35,EEG_TDCA,1.0,S06,35,210,0.6047619047619047,5.129283016944966,2.15042708117447,3.849590581031713,True,3.618342603906126,86.0170832469788,153.98362324126853,144.73370415624504
JBHI35,EEG_TDCA,1.2,S01,35,210,0.7714285714285715,5.129283016944966,3.19092170938317,4.506031065885707,True,4.294444577430786,112.62076621352365,159.036390560672,151.568632144616
JBHI35,EEG_TDCA,1.2,S03,35,210,0.6714285714285714,5.129283016944966,2.5442279381343202,4.24811432203502,True,3.9765847854806844,89.7962801694466,149.93344666005956,140.35005125225945
JBHI35,EEG_TDCA,1.2,S04,35,210,0.8809523809523809,5.129283016944966,3.9970156131294496,4.780421426741574,True,4.659950813873516,141.07113928692175,168.72075623793793,164.4688522543594
JBHI35,EEG_TDCA,1.2,S05,35,210,0.1619047619047619,5.129283016944966,0.22665769652939627,2.878307119352595,True,2.6652685898526456,7.999683406919869,101.58731009479747,94.06830317126985
JBHI35,EEG_TDCA,1.2,S06,35,210,0.6095238095238096,5.129283016944966,2.17764374402244,3.9522809067281752,True,3.688706646196983,76.85801449490965,139.49226729628856,130.18964633636412
JBHI35,EEG_TDCA,1.4,S01,35,210,0.8142857142857143,5.129283016944966,3.492049002956715,4.552452956099205,True,4.396625276608061,110.27523167231733,143.76167229786964,138.84079820867564
JBHI35,EEG_TDCA,1.4,S03,35,210,0.680952380952381,5.129283016944966,2.6027973400226903,4.258380686175108,True,4.004095173449619,82.19360021124285,134.47517956342446,126.44511074051428
JBHI35,EEG_TDCA,1.4,S04,35,210,0.8904761904761904,5.129283016944966,4.0736067547052315,4.822663092340927,True,4.705944740963409,128.640213306481,152.29462396866086,148.60878129358136
JBHI35,EEG_TDCA,1.4,S05,35,210,0.1619047619047619,5.129283016944966,0.22665769652939627,2.9038007516714113,True,2.7113790845360364,7.157611469349356,91.698971105413,85.62249740640115
JBHI35,EEG_TDCA,1.4,S06,35,210,0.6142857142857143,5.129283016944966,2.2049978613834957,3.9805760087416533,True,3.705217971336655,69.6315114121104,125.70240027605222,117.00688330536806
JBHI35,EEG_TDCA,1.6,S01,35,210,0.8095238095238095,5.129283016944966,3.457775924464035,4.548617668411059,True,4.393496982989181,98.79359784182957,129.96050481174453,125.5284852282623
JBHI35,EEG_TDCA,1.6,S03,35,210,0.7047619047619048,5.129283016944966,2.751878324038605,4.295058848562062,True,4.065370679932688,78.62509497253156,122.7159671017732,116.15344799807679
JBHI35,EEG_TDCA,1.6,S04,35,210,0.9047619047619048,5.129283016944966,4.191046407162751,4.856204621399983,True,4.776172418805612,119.74418306179287,138.74870346857094,136.46206910873178
JBHI35,EEG_TDCA,1.6,S05,35,210,0.17142857142857143,5.129283016944966,0.25299432762190577,2.959468522265733,True,2.7203248384413583,7.228409360625879,84.55624349330665,77.72356681261023
JBHI35,EEG_TDCA,1.6,S06,35,210,0.6476190476190476,5.129283016944966,2.400381524107717,4.051753195789533,True,3.8230163562460637,68.58232926022049,115.76437702255807,109.22903874988752
JBHI35,EEG_TDCA,1.8,S01,35,210,0.8380952380952381,5.129283016944966,3.666751617755817,4.65116893612918,True,4.51504835172885,95.65439002841262,121.33484181206556,117.78387004510044
JBHI35,EEG_TDCA,1.8,S03,35,210,0.719047619047619,5.129283016944966,2.843202965548679,4.28681064633829,True,4.099545592224023,74.17051214474816,111.82984294795538,106.94466762323539
JBHI35,EEG_TDCA,1.8,S04,35,210,0.9142857142857143,5.129283016944966,4.27121425652607,4.885677682645172,True,4.820691878681355,111.42298060502793,127.4524612863958,125.75717944386145
JBHI35,EEG_TDCA,1.8,S05,35,210,0.19047619047619047,5.129283016944966,0.30839416559477684,2.9892913875320035,True,2.75034779908041,8.045065189428962,77.98151445735662,71.74820345427158
JBHI35,EEG_TDCA,1.8,S06,35,210,0.6761904761904762,5.129283016944966,2.5734379324677246,4.142061979586675,True,3.9275240196668553,67.13316345567978,108.05379077182631,102.45714833913536
JBHI35,EEG_TDCA,2.0,S01,35,210,0.8,5.129283016944966,3.389862353807536,4.528561881215567,True,4.377654693323189,81.35669649138086,108.68548514917362,105.06371263975653
JBHI35,EEG_TDCA,2.0,S03,35,210,0.7047619047619048,5.129283016944966,2.751878324038605,4.273803708560343,True,4.069746771127056,66.04507977692651,102.57128900544822,97.67392250704934
JBHI35,EEG_TDCA,2.0,S04,35,210,0.9095238095238095,5.129283016944966,4.230931475119319,4.88924691188815,True,4.810383321365258,101.54235540286365,117.34192588531559,115.44919971276619
JBHI35,EEG_TDCA,2.0,S05,35,210,0.21428571428571427,5.129283016944966,0.38239552727450565,2.9772127131023987,True,2.752918297786518,9.177492654588136,71.45310511445757,66.07003914687643
JBHI35,EEG_TDCA,2.0,S06,35,210,0.7,5.129283016944966,2.7217532653391716,4.235566760557146,True,4.036097833673855,65.32207836814013,101.6536022533715,96.86634800817252
JBHI35,EFUSIONCA,0.2,S01,35,210,0.4142857142857143,5.129283016944966,1.1707872079539587,3.5450079177110436,True,3.0847171397880078,100.35318925319648,303.8578215180895,264.4043262675435
JBHI35,EFUSIONCA,0.2,S03,35,210,0.2619047619047619,5.129283016944966,0.5446438167434176,3.1690430579687754,True,2.7950689016806973,46.68375572086437,271.63226211160935,239.57733442977408
JBHI35,EFUSIONCA,0.2,S04,35,210,0.4523809523809524,5.129283016944966,1.3498442226419587,3.63876866987339,True,3.265381173523667,115.70093336931076,311.89445741771914,279.8898148734572
JBHI35,EFUSIONCA,0.2,S05,35,210,0.06666666666666667,5.129283016944966,0.027625030089894587,2.6247217570871837,True,2.4363167096799625,2.367859721990965,224.9761506074729,208.8271465439968
JBHI35,EFUSIONCA,0.2,S06,35,210,0.23333333333333334,5.129283016944966,0.4451178911683398,3.035973192861657,True,2.731654096109195,38.15296210014341,260.2262736738563,234.14177966650246
JBHI35,EFUSIONCA,0.4,S01,35,210,0.5333333333333333,5.129283016944966,1.7583420590465044,3.843499209727801,True,3.5049081050509647,117.22280393643364,256.23328064852006,233.660540336731
JBHI35,EFUSIONCA,0.4,S03,35,210,0.5047619047619047,5.129283016944966,1.6098430391852125,3.7846144169091485,True,3.429447420059266,107.32286927901417,252.30762779394325,228.6298280039511
JBHI35,EFUSIONCA,0.4,S04,35,210,0.7142857142857143,5.129283016944966,2.812601636592524,4.347960091328604,True,4.089264157936225,187.50677577283494,289.8640060885736,272.6176105290817
JBHI35,EFUSIONCA,0.4,S05,35,210,0.1523809523809524,5.129283016944966,0.20128590389531187,2.9695515669853596,True,2.644526227310761,13.419060259687459,197.97010446569067,176.30174848738406
JBHI35,EFUSIONCA,0.4,S06,35,210,0.3523809523809524,5.129283016944966,0.898368685262378,3.2960194909178346,True,2.9329938635904735,59.89124568415854,219.73463272785565,195.53292423936492
JBHI35,EFUSIONCA,0.6,S01,35,210,0.6523809523809524,5.129283016944966,2.4288603600053134,4.03985457363602,True,3.835099960536335,132.48329236392618,220.35570401651015,209.18727057470915
JBHI35,EFUSIONCA,0.6,S03,35,210,0.5523809523809524,5.129283016944966,1.859969120302484,3.944922849469874,True,3.615351401605888,101.45286110740821,215.17760997108402,197.20098554213934
JBHI35,EFUSIONCA,0.6,S04,35,210,0.8095238095238095,5.129283016944966,3.457775924464035,4.560598215948051,True,4.39923360522099,188.60595951622005,248.7599026880755,239.95819664841764
JBHI35,EFUSIONCA,0.6,S05,35,210,0.17142857142857143,5.129283016944966,0.25299432762190577,3.095886625364231,True,2.721110959828397,13.799690597558495,168.86654320168532,148.424234172458
JBHI35,EFUSIONCA,0.6,S06,35,210,0.45714285714285713,5.129283016944966,1.3728236791906192,3.6895805520327873,True,3.2829765222666074,74.88129159221559,201.24984829269746,179.07144666908766
JBHI35,EFUSIONCA,0.8,S01,35,210,0.7238095238095238,5.129283016944966,2.8739662372231507,4.26634147662937,True,4.057762648574415,132.64459556414542,196.90806815212477,187.28135301112684
JBHI35,EFUSIONCA,0.8,S03,35,210,0.5857142857142857,5.129283016944966,2.0429236950254457,3.9333372676341245,True,3.6570544085812324,94.28878592425134,181.53864312157498,168.78712654990304
JBHI35,EFUSIONCA,0.8,S04,35,210,0.8333333333333334,5.129283016944966,3.6313501217548887,4.6664165507423645,True,4.519249169591801,167.60077485022563,215.3730715727245,208.580730904237
JBHI35,EFUSIONCA,0.8,S05,35,210,0.19047619047619047,5.129283016944966,0.30839416559477684,2.9482539016471065,True,2.6553938685487073,14.233576873605085,136.07325699909723,122.55664008686341
JBHI35,EFUSIONCA,0.8,S06,35,210,0.6238095238095238,5.129283016944966,2.2601209652246546,4.072546130215926,True,3.786141226283628,104.31327531806097,187.96366754842737,174.74497967462898
JBHI35,EFUSIONCA,1.0,S01,35,210,0.7142857142857143,5.129283016944966,2.812601636592524,4.276995828746998,True,4.04220997633514,112.50406546370095,171.0798331498799,161.6883990534056
JBHI35,EFUSIONCA,1.0,S03,35,210,0.6190476190476191,5.129283016944966,2.232490051586753,4.06294398780037,True,3.7806302679222603,89.29960206347012,162.5177595120148,151.22521071689042
JBHI35,EFUSIONCA,1.0,S04,35,210,0.8666666666666667,5.129283016944966,3.8844451315586825,4.738983965296847,True,4.61464082410937,155.3778052623473,189.55935861187388,184.58563296437478
JBHI35,EFUSIONCA,1.0,S05,35,210,0.23333333333333334,5.129283016944966,0.4451178911683398,3.219415052136099,True,2.8749138345698637,17.80471564673359,128.77660208544395,114.99655338279454
JBHI35,EFUSIONCA,1.0,S06,35,210,0.6333333333333333,5.129283016944966,2.31580173155927,4.108219426709175,True,3.736833088861529,92.6320692623708,164.328777068367,149.47332355446116
JBHI35,EFUSIONCA,1.2,S01,35,210,0.780952380952381,5.129283016944966,3.256461728033475,4.50623278135422,True,4.312315706737913,114.93394334235795,159.04350993014896,152.19937788486754
JBHI35,EFUSIONCA,1.2,S03,35,210,0.6571428571428571,5.129283016944966,2.457483454370317,4.1604410495004664,True,3.9254726320282267,86.73471015424649,146.83909586472237,138.5460928951139
JBHI35,EFUSIONCA,1.2,S04,35,210,0.8761904761904762,5.129283016944966,3.9591936836295574,4.742992525303681,True,4.645758194867106,139.7362476575138,167.39973618718875,163.96793628942729
JBHI35,EFUSIONCA,1.2,S05,35,210,0.2523809523809524,5.129283016944966,0.5107688116194709,3.206396249505033,True,2.8911554401396984,18.027134527746032,113.16692645311882,102.04078024022466
JBHI35,EFUSIONCA,1.2,S06,35,210,0.6714285714285714,5.129283016944966,2.5442279381343202,4.134811681610032,True,3.915602109973129,89.7962801694466,145.93452993917762,138.19772152846338
JBHI35,EFUSIONCA,1.4,S01,35,210,0.8333333333333334,5.129283016944966,3.6313501217548887,4.603269827690224,True,4.473631564740306,114.67421437120701,145.36641561127024,141.27257572864127
JBHI35,EFUSIONCA,1.4,S03,35,210,0.7285714285714285,5.129283016944966,2.9048931601745416,4.394759792104442,True,4.1898490245919255,91.73346821603816,138.78188817171923,132.3110218292187
JBHI35,EFUSIONCA,1.4,S04,35,210,0.8904761904761904,5.129283016944966,4.0736067547052315,4.770803018200394,True,4.706772833302727,128.640213306481,150.65693741685456,148.63493157798086
JBHI35,EFUSIONCA,1.4,S05,35,210,0.26666666666666666,5.129283016944966,0.5618361914202161,3.26665334674564,True,2.8605505082865217,17.74219551853314,103.15747410775705,90.33317394589017
JBHI35,EFUSIONCA,1.4,S06,35,210,0.7,5.129283016944966,2.7217532653391716,4.280949538221361,True,3.991273305226347,85.95010311597385,135.1878801543588,126.04020963872675
JBHI35,EFUSIONCA,1.6,S01,35,210,0.8380952380952381,5.129283016944966,3.666751617755817,4.68859373342039,True,4.51600728352748,104.76433193588048,133.9598209548683,129.02877952935657
JBHI35,EFUSIONCA,1.6,S03,35,210,0.7666666666666667,5.129283016944966,3.158431406501853,4.528008221520144,True,4.3354032999762735,90.24089732862436,129.37166347200412,123.86866571360781
JBHI35,EFUSIONCA,1.6,S04,35,210,0.9095238095238095,5.129283016944966,4.230931475119319,4.866163197347883,True,4.800860571778031,120.88375643198053,139.0332342099395,137.16744490794375
JBHI35,EFUSIONCA,1.6,S05,35,210,0.3047619047619048,5.129283016944966,0.7052508839166198,3.435649422505516,True,3.0079338884599665,20.150025254760564,98.16141207158617,85.94096824171332
JBHI35,EFUSIONCA,1.6,S06,35,210,0.7476190476190476,5.129283016944966,3.0302742187148777,4.341302042633731,True,4.148812801891919,86.57926339185364,124.03720121810659,118.53750862548338
JBHI35,EFUSIONCA,1.8,S01,35,210,0.8523809523809524,5.129283016944966,3.774426840581389,4.695231159015979,True,4.5689370424098374,98.4633088847319,122.48429110476468,119.18966197590882
JBHI35,EFUSIONCA,1.8,S03,35,210,0.7952380952380952,5.129283016944966,3.356214161762616,4.577952432129976,True,4.440563718833097,87.55341291554652,119.4248460555646,115.84079266521124
JBHI35,EFUSIONCA,1.8,S04,35,210,0.9238095238095239,5.129283016944966,4.353055051299307,4.883802018401293,True,4.82883344311578,113.55795785998194,127.40353091481636,125.96956808128122
JBHI35,EFUSIONCA,1.8,S05,35,210,0.34285714285714286,5.129283016944966,0.8585665614059241,3.4711823810643945,True,3.0179518981355224,22.397388558415415,90.55258385385378,78.72917995136146
JBHI35,EFUSIONCA,1.8,S06,35,210,0.7476190476190476,5.129283016944966,3.0302742187148777,4.381125295751207,True,4.156276868783111,79.05063179256203,114.29022510655322,108.42461396825509
JBHI35,EFUSIONCA,2.0,S01,35,210,0.8666666666666667,5.129283016944966,3.8844451315586825,4.7334717497085865,True,4.613702004791586,93.22668315740839,113.60332199300608,110.72884811499806
JBHI35,EFUSIONCA,2.0,S03,35,210,0.8238095238095238,5.129283016944966,3.561248607770091,4.629787889559497,True,4.498877557465612,85.46996658648219,111.11490934942792,107.97306137917468
JBHI35,EFUSIONCA,2.0,S04,35,210,0.9380952380952381,5.129283016944966,4.479384679433538,4.928443794055982,True,4.8763425498476645,107.50523230640492,118.28265105734357,117.03222119634395
JBHI35,EFUSIONCA,2.0,S05,35,210,0.3619047619047619,5.129283016944966,0.9387442698288848,3.4500834298475516,True,3.049613389523844,22.529862475893236,82.80200231634123,73.19072134857225
JBHI35,EFUSIONCA,2.0,S06,35,210,0.7571428571428571,5.129283016944966,3.0939969155978506,4.378065096215668,True,4.195166508001949,74.25592597434841,105.07356230917603,100.68399619204678
JBHI35,FUSIONCA,0.2,S01,35,210,0.2714285714285714,5.129283016944966,0.5791958613172428,3.189990186502634,True,2.898104147874521,49.64535954147796,273.42773027165435,248.40892696067326
JBHI35,FUSIONCA,0.2,S03,35,210,0.19047619047619047,5.129283016944966,0.30839416559477684,2.8911783746913633,True,2.600487087306466,26.433785622409445,247.81528925925974,222.8988931976971
JBHI35,FUSIONCA,0.2,S04,35,210,0.4523809523809524,5.129283016944966,1.3498442226419587,3.652334428651884,True,3.2953709551930235,115.70093336931076,313.0572367415901,282.46036758797345
JBHI35,FUSIONCA,0.2,S05,35,210,0.07142857142857142,5.129283016944966,0.03397805200020354,2.7123165687717807,True,2.5040912663271686,2.912404457160304,232.48427732329552,214.63639425661447
JBHI35,FUSIONCA,0.2,S06,35,210,0.18095238095238095,5.129283016944966,0.28025261653864675,2.874782694453032,True,2.654394380427284,24.021652846169722,246.40994523883134,227.51951832233863
JBHI35,FUSIONCA,0.4,S01,35,210,0.4666666666666667,5.129283016944966,1.4191778696298156,3.7131617350321764,True,3.2727508891825385,94.61185797532104,247.54411566881177,218.18339261216926
JBHI35,FUSIONCA,0.4,S03,35,210,0.3952380952380952,5.129283016944966,1.0844824858648754,3.4979880476294913,True,3.135978315853948,72.29883239099169,233.19920317529943,209.0652210569299
JBHI35,FUSIONCA,0.4,S04,35,210,0.6857142857142857,5.129283016944966,2.632307330530408,4.344142106522632,True,4.060759966355854,175.48715536869386,289.6094737681755,270.7173310903903
JBHI35,FUSIONCA,0.4,S05,35,210,0.14285714285714285,5.129283016944966,0.1769278030052046,2.8875414653687983,True,2.564082281543146,11.79518686701364,192.5027643579199,170.93881876954308
JBHI35,FUSIONCA,0.4,S06,35,210,0.30952380952380953,5.129283016944966,0.7238880417441567,3.326492094816241,True,2.923338766954089,48.25920278294378,221.7661396544161,194.8892511302726
JBHI35,FUSIONCA,0.6,S01,35,210,0.5714285714285714,5.129283016944966,1.9637136632319976,3.851096237841758,True,3.555941264025506,107.11165435810895,210.0597947913686,193.9604325832094
JBHI35,FUSIONCA,0.6,S03,35,210,0.49047619047619045,5.129283016944966,1.5373612984741198,3.8494258588841257,True,3.427875683941016,83.85607082586107,209.9686832118614,186.97503730587357
JBHI35,FUSIONCA,0.6,S04,35,210,0.7904761904761904,5.129283016944966,3.3227668888436805,4.536374904661971,True,4.336693089593103,181.24183030056437,247.4386311633802,236.5468957959874
JBHI35,FUSIONCA,0.6,S05,35,210,0.1523809523809524,5.129283016944966,0.20128590389531187,2.958599309831213,True,2.6645512830107103,10.979231121562464,161.3781441726116,145.33916089149326
JBHI35,FUSIONCA,0.6,S06,35,210,0.4142857142857143,5.129283016944966,1.1707872079539587,3.4920084147316466,True,3.1241041262152445,63.861120433852285,190.47318625808978,170.4056796117406
JBHI35,FUSIONCA,0.8,S01,35,210,0.6523809523809524,5.129283016944966,2.4288603600053134,4.0101106286014,True,3.8176824630756343,112.10124738486061,185.08202901237232,176.20072906502926
JBHI35,FUSIONCA,0.8,S03,35,210,0.5,5.129283016944966,1.5855515963197968,3.7810237171610304,True,3.4473935829962077,73.17930444552908,174.50878694589372,159.11047306136342
JBHI35,FUSIONCA,0.8,S04,35,210,0.8476190476190476,5.129283016944966,3.7382838792407864,4.71625819065246,True,4.557901989312265,172.53617904188243,217.67345495319046,210.36470719902763
JBHI35,FUSIONCA,0.8,S05,35,210,0.13333333333333333,5.129283016944966,0.15363904797509953,2.9104423823622616,True,2.6649907947458176,7.091032983466132,134.3281099551813,122.99957514211465
JBHI35,FUSIONCA,0.8,S06,35,210,0.4857142857142857,5.129283016944966,1.5134624909917518,3.6468586978141273,True,3.299815112887516,69.85211496885009,168.31655528372895,152.2991590563469
JBHI35,FUSIONCA,1.0,S01,35,210,0.6571428571428571,5.129283016944966,2.457483454370317,4.053073186169243,True,3.8080520559362157,98.29933817481268,162.12292744676972,152.32208223744863
JBHI35,FUSIONCA,1.0,S03,35,210,0.5476190476190477,5.129283016944966,1.8343644932372296,3.907348260333849,True,3.666461778916444,73.37457972948918,156.29393041335396,146.65847115665775
JBHI35,FUSIONCA,1.0,S04,35,210,0.8666666666666667,5.129283016944966,3.8844451315586825,4.719381479561998,True,4.600839947051164,155.3778052623473,188.77525918247994,184.03359788204656
JBHI35,FUSIONCA,1.0,S05,35,210,0.17142857142857143,5.129283016944966,0.25299432762190577,3.014791459305208,True,2.7228232094286167,10.11977310487623,120.59165837220831,108.91292837714467
JBHI35,FUSIONCA,1.0,S06,35,210,0.5095238095238095,5.129283016944966,1.6342653525931734,3.730830415242624,True,3.4446271989353034,65.37061410372694,149.23321660970495,137.78508795741214
JBHI35,FUSIONCA,1.2,S01,35,210,0.7333333333333333,5.129283016944966,2.9359855173370413,4.328346681555536,True,4.127297843550393,103.6230182589544,152.76517699607777,145.66933565471976
JBHI35,FUSIONCA,1.2,S03,35,210,0.5904761904761905,5.129283016944966,2.0695961042541953,4.1129317796042075,True,3.7394694071447163,73.04456838544219,145.16229810367793,131.98127319334293
JBHI35,FUSIONCA,1.2,S04,35,210,0.8714285714285714,5.129283016944966,3.921673386186626,4.764567301708028,True,4.619431854876682,138.41200186541033,168.16119888381277,163.0387713485888
JBHI35,FUSIONCA,1.2,S05,35,210,0.2,5.129283016944966,0.33738464905733156,3.1616333765878886,True,2.791688025122374,11.907693496141114,111.58706035016078,98.53016559255438
JBHI35,FUSIONCA,1.2,S06,35,210,0.5333333333333333,5.129283016944966,1.7583420590465044,3.867062924102183,True,3.5085994888428704,62.05913149575898,136.48457379184177,123.83292313563074
JBHI35,FUSIONCA,1.4,S01,35,210,0.7619047619047619,5.129283016944966,3.1261239878893066,4.46376401524115,True,4.241449008299597,98.71970488071496,140.9609689023521,133.94049499893464
JBHI35,FUSIONCA,1.4,S03,35,210,0.6714285714285714,5.129283016944966,2.5442279381343202,4.161624702497374,True,3.949864653554873,80.34404015161012,131.4197274472855,124.732568006996
JBHI35,FUSIONCA,1.4,S04,35,210,0.8952380952380953,5.129283016944966,4.112399486030791,4.807265151633226,True,4.720752342681525,129.86524692728813,151.80837320947032,149.07638976889027
JBHI35,FUSIONCA,1.4,S05,35,210,0.22857142857142856,5.129283016944966,0.4291561669901274,3.0464302252856865,True,2.7035755639807446,13.55230001021455,96.2030597458638,85.3760704414972
JBHI35,FUSIONCA,1.4,S06,35,210,0.5333333333333333,5.129283016944966,1.7583420590465044,3.8083928754388876,True,3.4306237646563487,55.52659133831067,120.26503817175436,108.33548730493733
JBHI35,FUSIONCA,1.6,S01,35,210,0.8047619047619048,5.129283016944966,3.423715025134875,4.539848308115339,True,4.346603918905586,97.82042928956785,129.70995166043824,124.18868339730246
JBHI35,FUSIONCA,1.6,S03,35,210,0.680952380952381,5.129283016944966,2.6027973400226903,4.244027278884032,True,3.988908622426867,74.36563828636257,121.25792225382949,113.96881778362476
JBHI35,FUSIONCA,1.6,S04,35,210,0.9142857142857143,5.129283016944966,4.27121425652607,4.893183550124531,True,4.819996720894644,122.034693043602,139.8052442892723,137.71419202556126
JBHI35,FUSIONCA,1.6,S05,35,210,0.24285714285714285,5.129283016944966,0.4775874543833911,3.1117924741846146,True,2.7526410022222256,13.64535583952546,88.9083564052747,78.64688577777787
JBHI35,FUSIONCA,1.6,S06,35,210,0.5714285714285714,5.129283016944966,1.9637136632319976,3.9234561293521866,True,3.645976860599802,56.106104663771355,112.09874655291961,104.17076744570862
JBHI35,FUSIONCA,1.8,S01,35,210,0.8333333333333334,5.129283016944966,3.6313501217548887,4.653467324706665,True,4.486486850334015,94.73087274143188,121.3947997749565,117.0387874000178
JBHI35,FUSIONCA,1.8,S03,35,210,0.7571428571428571,5.129283016944966,3.0939969155978506,4.430581079931029,True,4.256458220286128,80.71296301559612,115.58037599820076,111.03804052920336
JBHI35,FUSIONCA,1.8,S04,35,210,0.9095238095238095,5.129283016944966,4.230931475119319,4.890885325779768,True,4.78548311870181,110.37212543789529,127.58831284642875,124.83869005309072
JBHI35,FUSIONCA,1.8,S05,35,210,0.2714285714285714,5.129283016944966,0.5791958613172428,3.2381867072529618,True,2.8300783347268004,15.10945725175416,84.47443584138162,73.82813047113393
JBHI35,FUSIONCA,1.8,S06,35,210,0.580952380952381,5.129283016944966,2.016386106863246,3.986216394254962,True,3.6929152713633604,52.601376700780335,103.98825376317293,96.33692012252246
JBHI35,FUSIONCA,2.0,S01,35,210,0.8285714285714286,5.129283016944966,3.596184194729272,4.66216311959748,True,4.487491479900628,86.30842067350252,111.89191487033952,107.69979551761507
JBHI35,FUSIONCA,2.0,S03,35,210,0.7666666666666667,5.129283016944966,3.158431406501853,4.455365017169334,True,4.248791698516301,75.80235375604447,106.92876041206401,101.97100076439122
JBHI35,FUSIONCA,2.0,S04,35,210,0.9047619047619048,5.129283016944966,4.191046407162751,4.862905541521996,True,4.776035558849445,100.58511377190601,116.70973299652789,114.62485341238668
JBHI35,FUSIONCA,2.0,S05,35,210,0.30952380952380953,5.129283016944966,0.7238880417441567,3.314848442268302,True,2.9971645760627057,17.37331300185976,79.55636261443925,71.93194982550494
JBHI35,FUSIONCA,2.0,S06,35,210,0.6047619047619047,5.129283016944966,2.15042708117447,4.1109300952412005,True,3.798384888154807,51.610249948187274,98.6623222857888,91.16123731571537
JBHI35,SPECTRAL_TDCA,0.2,S01,35,210,0.49047619047619045,5.129283016944966,1.5373612984741198,3.7116661991865114,True,3.36940088894901,131.773825583496,318.1428170731296,288.80579048134376
JBHI35,SPECTRAL_TDCA,0.2,S03,35,210,0.3476190476190476,5.129283016944966,0.8783954941004484,3.335938933421101,True,2.9773324830680803,75.29104235146701,285.9376228646658,255.1999271201212
JBHI35,SPECTRAL_TDCA,0.2,S04,35,210,0.5904761904761905,5.129283016944966,2.0695961042541953,3.965272311326501,True,3.6611616833349,177.39395179321676,339.88048382798587,313.8138585715629
JBHI35,SPECTRAL_TDCA,0.2,S05,35,210,0.06666666666666667,5.129283016944966,0.027625030089894587,2.7319758711784043,True,2.5369471314114036,2.367859721990965,234.1693603867204,217.45261126383463
JBHI35,SPECTRAL_TDCA,0.2,S06,35,210,0.24761904761904763,5.129283016944966,0.49409033088724996,3.1900722775988775,True,2.8593610219431627,42.350599790335714,273.4347666513324,245.08808759512826
JBHI35,SPECTRAL_TDCA,0.4,S01,35,210,0.6142857142857143,5.129283016944966,2.2049978613834957,3.95268232129583,True,3.677733764199672,146.9998574255664,263.51215475305537,245.1822509466448
JBHI35,SPECTRAL_TDCA,0.4,S03,35,210,0.5380952380952381,5.129283016944966,1.783551179487342,3.865953309608215,True,3.550386222880055,118.90341196582281,257.73022064054766,236.69241485867033
JBHI35,SPECTRAL_TDCA,0.4,S04,35,210,0.7904761904761904,5.129283016944966,3.3227668888436805,4.516896695581345,True,4.320748197601048,221.51779258957873,301.12644637208973,288.0498798400699
JBHI35,SPECTRAL_TDCA,0.4,S05,35,210,0.17142857142857143,5.129283016944966,0.25299432762190577,2.9832336022772155,True,2.676293058087223,16.866288508127052,198.8822401518144,178.41953720581486
JBHI35,SPECTRAL_TDCA,0.4,S06,35,210,0.46190476190476193,5.129283016944966,1.395934963011126,3.651457966058749,True,3.3301387987269706,93.0623308674084,243.4305310705833,222.00925324846472
JBHI35,SPECTRAL_TDCA,0.6,S01,35,210,0.6571428571428571,5.129283016944966,2.457483454370317,4.177129418746837,True,3.9395495280513586,134.0445520565627,227.84342284073654,214.88451971189227
JBHI35,SPECTRAL_TDCA,0.6,S03,35,210,0.5904761904761905,5.129283016944966,2.0695961042541953,3.9951392065635583,True,3.6914719224670574,112.887060232047,217.9166839943759,201.35301395274857
JBHI35,SPECTRAL_TDCA,0.6,S04,35,210,0.8571428571428571,5.129283016944966,3.810829832469733,4.6776336464768855,True,4.541355126928991,207.86344540743997,255.14365344419372,247.71027965067222
JBHI35,SPECTRAL_TDCA,0.6,S05,35,210,0.17142857142857143,5.129283016944966,0.25299432762190577,2.891926129414368,True,2.6469976481132753,13.799690597558495,157.74142524078368,144.38168989708774
JBHI35,SPECTRAL_TDCA,0.6,S06,35,210,0.6095238095238096,5.129283016944966,2.17764374402244,4.011256614787491,True,3.7374190219663954,118.78056785576943,218.7958153520449,203.85921937998518
JBHI35,SPECTRAL_TDCA,0.8,S01,35,210,0.7666666666666667,5.129283016944966,3.158431406501853,4.432925657560402,True,4.2539378988314995,145.77375722316245,204.59656881048008,196.33559533068458
JBHI35,SPECTRAL_TDCA,0.8,S03,35,210,0.6333333333333333,5.129283016944966,2.31580173155927,3.9865726320879644,True,3.772992162465104,106.88315684119708,183.99565994252143,174.13809980608173
JBHI35,SPECTRAL_TDCA,0.8,S04,35,210,0.8952380952380953,5.129283016944966,4.112399486030791,4.81262033798784,True,4.705278801298293,189.8030532014211,222.12093867636185,217.16671390607507
JBHI35,SPECTRAL_TDCA,0.8,S05,35,210,0.20952380952380953,5.129283016944966,0.3671932382125309,3.202827747170999,True,2.761366622617891,16.947380225193733,147.82281910019995,127.44769027467188
JBHI35,SPECTRAL_TDCA,0.8,S06,35,210,0.6952380952380952,5.129283016944966,2.691783993357228,4.120216160741044,True,3.9348616660244966,124.23618430879515,190.1638228034328,181.60899997036137
JBHI35,SPECTRAL_TDCA,1.0,S01,35,210,0.7666666666666667,5.129283016944966,3.158431406501853,4.465858259443045,True,4.28616457019292,126.33725626007411,178.6343303777218,171.4465828077168
JBHI35,SPECTRAL_TDCA,1.0,S03,35,210,0.6714285714285714,5.129283016944966,2.5442279381343202,4.063218823185516,True,3.8944661817838577,101.7691175253728,162.52875292742064,155.77864727135432
JBHI35,SPECTRAL_TDCA,1.0,S04,35,210,0.8904761904761904,5.129283016944966,4.0736067547052315,4.843047705767296,True,4.695313133132537,162.94427018820926,193.72190823069184,187.81252532530146
JBHI35,SPECTRAL_TDCA,1.0,S05,35,210,0.26666666666666666,5.129283016944966,0.5618361914202161,3.0749181681174984,True,2.798126549587463,22.473447656808645,122.99672672469994,111.92506198349852
JBHI35,SPECTRAL_TDCA,1.0,S06,35,210,0.7333333333333333,5.129283016944966,2.9359855173370413,4.262362583802046,True,4.091987165313472,117.43942069348165,170.49450335208184,163.67948661253888
JBHI35,SPECTRAL_TDCA,1.2,S01,35,210,0.8047619047619048,5.129283016944966,3.423715025134875,4.622641086767561,True,4.429025928016526,120.83700088711325,163.15203835650217,156.31856216528917
JBHI35,SPECTRAL_TDCA,1.2,S03,35,210,0.6761904761904762,5.129283016944966,2.5734379324677246,4.16085496661593,True,3.9282325986353186,90.8272211459197,146.85370470409165,138.64350348124654
JBHI35,SPECTRAL_TDCA,1.2,S04,35,210,0.919047619047619,5.129283016944966,4.311914681149031,4.875229892596884,True,4.809565156202533,152.18522404055406,172.0669373857724,169.74935845420706
JBHI35,SPECTRAL_TDCA,1.2,S05,35,210,0.2904761904761905,5.129283016944966,0.6502714221069281,3.2954303216147935,True,2.9376439696315195,22.95075607436217,116.30930546875743,103.68155186934776
JBHI35,SPECTRAL_TDCA,1.2,S06,35,210,0.8095238095238095,5.129283016944966,3.457775924464035,4.506439622151857,True,4.376018859526139,122.03915027520124,159.05081019359494,154.44772445386374
JBHI35,SPECTRAL_TDCA,1.4,S01,35,210,0.8285714285714286,5.129283016944966,3.596184194729272,4.6397336731454795,True,4.482573296676826,113.56371141250332,146.517905467752,141.55494621084713
JBHI35,SPECTRAL_TDCA,1.4,S03,35,210,0.7380952380952381,5.129283016944966,2.96724516971977,4.348110753626296,True,4.199984661797561,93.70247904378222,137.3087606408304,132.63109458308088
JBHI35,SPECTRAL_TDCA,1.4,S04,35,210,0.9238095238095239,5.129283016944966,4.353055051299307,4.898168938283577,True,4.83465182326987,137.46489635682025,154.67901910369193,152.67321547168012
JBHI35,SPECTRAL_TDCA,1.4,S05,35,210,0.26666666666666666,5.129283016944966,0.5618361914202161,3.1027489861596913,True,2.8602553668913497,17.74219551853314,97.98154693135868,90.32385369130579
JBHI35,SPECTRAL_TDCA,1.4,S06,35,210,0.8142857142857143,5.129283016944966,3.492049002956715,4.502630427942015,True,4.388013863861432,110.27523167231733,142.18832930343206,138.56885885878208
JBHI35,SPECTRAL_TDCA,1.6,S01,35,210,0.8428571428571429,5.129283016944966,3.70239423519436,4.6601689845797765,True,4.517982373640414,105.78269243412456,133.14768527370788,129.08521067544038
JBHI35,SPECTRAL_TDCA,1.6,S03,35,210,0.7476190476190476,5.129283016944966,3.0302742187148777,4.42675154880715,True,4.267526178508115,86.57926339185364,126.47861568020429,121.92931938594614
JBHI35,SPECTRAL_TDCA,1.6,S04,35,210,0.9476190476190476,5.129283016944966,4.566370623276189,4.950661495585315,True,4.922191272652071,130.46773209360538,141.44747130243758,140.63403636148774
JBHI35,SPECTRAL_TDCA,1.6,S05,35,210,0.3047619047619048,5.129283016944966,0.7052508839166198,3.3080998813785167,True,2.911678371011687,20.150025254760564,94.51713946795762,83.1908106003339
JBHI35,SPECTRAL_TDCA,1.6,S06,35,210,0.8428571428571429,5.129283016944966,3.70239423519436,4.605767364913091,True,4.492020070437887,105.78269243412456,131.59335328323115,128.3434305839396
JBHI35,SPECTRAL_TDCA,1.8,S01,35,210,0.8904761904761904,5.129283016944966,4.0736067547052315,4.7833135815455785,True,4.701738414849624,106.26800229665822,124.78209343162379,122.6540456047728
JBHI35,SPECTRAL_TDCA,1.8,S03,35,210,0.7476190476190476,5.129283016944966,3.0302742187148777,4.44184548227952,True,4.262537700230078,79.05063179256203,115.87422997250923,111.19663565817596
JBHI35,SPECTRAL_TDCA,1.8,S04,35,210,0.9285714285714286,5.129283016944966,4.394660487357638,4.891151177740584,True,4.846985587392645,114.64331706150361,127.59524811497177,126.44310227980813
JBHI35,SPECTRAL_TDCA,1.8,S05,35,210,0.34285714285714286,5.129283016944966,0.8585665614059241,3.361076684353818,True,3.04728969805044,22.397388558415415,87.68026133096917,79.4945138621854
JBHI35,SPECTRAL_TDCA,1.8,S06,35,210,0.8380952380952381,5.129283016944966,3.666751617755817,4.607425972202205,True,4.513389027737955,95.65439002841262,120.19372101397057,117.74058333229449
JBHI35,SPECTRAL_TDCA,2.0,S01,35,210,0.8952380952380953,5.129283016944966,4.112399486030791,4.780763559732272,True,4.719545301037572,98.69758766473898,114.73832543357454,113.26908722490172
JBHI35,SPECTRAL_TDCA,2.0,S03,35,210,0.7571428571428571,5.129283016944966,3.0939969155978506,4.41990616916258,True,4.276003073854864,74.25592597434841,106.07774805990192,102.62407377251674
JBHI35,SPECTRAL_TDCA,2.0,S04,35,210,0.9476190476190476,5.129283016944966,4.566370623276189,4.964381612286171,True,4.926860082134671,109.59289495862853,119.14515869486809,118.24464197123211
JBHI35,SPECTRAL_TDCA,2.0,S05,35,210,0.38095238095238093,5.129283016944966,1.0211893750985768,3.3718621035335765,True,3.0349333347680094,24.508545002365842,80.92469048480584,72.83840003443223
JBHI35,SPECTRAL_TDCA,2.0,S06,35,210,0.8333333333333334,5.129283016944966,3.6313501217548887,4.5892283894918116,True,4.495670445627969,87.15240292211733,110.14148134780348,107.89609069507125
JBHI35,eTRCA,2.0,S01,35,210,0.780952380952381,5.129283016944966,3.256461728033475,4.408259071182575,True,4.282194621217472,78.1550814728034,105.7982177083818,102.77267090921933
JBHI35,eTRCA,2.0,S03,35,210,0.6714285714285714,5.129283016944966,2.5442279381343202,4.274733313486419,True,4.024863059137051,61.06147051522369,102.59359952367407,96.59671341928922
JBHI35,eTRCA,2.0,S04,35,210,0.8714285714285714,5.129283016944966,3.921673386186626,4.751070867366539,True,4.6638980587464225,94.12016126847902,114.02570081679693,111.93355340991414
JBHI35,eTRCA,2.0,S05,35,210,0.28095238095238095,5.129283016944966,0.6144097208104355,3.282650625620471,True,2.8304048141167364,14.745833299450453,78.7836150148913,67.92971553880167
JBHI35,eTRCA,2.0,S06,35,210,0.638095238095238,5.129283016944966,2.343853054555168,4.022268431891367,True,3.7726094054971435,56.25247330932403,96.5344423653928,90.54262573193145
JBHI35,BPRCA,0.2,aggregate,35,1050,0.2019047619047619,5.129283016944966,0.34328184900069214,1.6060565180763373,True,1.3004089182125984,29.424158485773614,137.66198726368606,111.46362156107988
JBHI35,BPRCA,0.4,aggregate,35,1050,0.35333333333333333,5.129283016944966,0.9023805543338721,2.2464254282857796,True,1.8976622325798225,60.158703622258145,149.76169521905197,126.5108155053215
JBHI35,BPRCA,0.6,aggregate,35,1050,0.4419047619047619,5.129283016944966,1.2997546172085594,2.5182147816314897,True,2.204814767639711,70.89570639319415,137.35716990717216,120.26262368943878
JBHI35,BPRCA,0.8,aggregate,35,1050,0.4638095238095238,5.129283016944966,1.4052163415451275,2.5518518499961576,True,2.332829904559987,64.85613884054435,117.77777769213034,107.66907251815326
JBHI35,BPRCA,1.0,aggregate,35,1050,0.49142857142857144,5.129283016944966,1.5421567701932637,2.682221219602168,True,2.4683051500423088,61.68627080773055,107.28884878408672,98.73220600169235
JBHI35,BPRCA,1.2,aggregate,35,1050,0.518095238095238,5.129283016944966,1.6785554394037039,2.827726368386837,True,2.594840085736154,59.24313315542485,99.80210711953544,91.58259126127604
JBHI35,BPRCA,1.4,aggregate,35,1050,0.5428571428571428,5.129283016944966,1.8088919227263625,2.9323942777136063,True,2.6920120261643206,57.12290282293777,92.60192455937705,85.0109060893996
JBHI35,BPRCA,1.6,aggregate,35,1050,0.5904761904761905,5.129283016944966,2.0695961042541953,3.082848744863626,True,2.891639649229311,59.131317264405574,88.08139271038931,82.61827569226602
JBHI35,BPRCA,1.8,aggregate,35,1050,0.6076190476190476,5.129283016944966,2.1667406179022746,3.232183019552658,True,3.042162240692026,56.52366829310282,84.3178179013737,79.36075410500938
JBHI35,BPRCA,2.0,aggregate,35,1050,0.6228571428571429,5.129283016944966,2.2545836522887552,3.332462490134213,True,3.131017365049771,54.11000765493013,79.97909976322111,75.14441676119449
JBHI35,EBPRCA,0.2,aggregate,35,1050,0.259047619047619,5.129283016944966,0.5344094984168004,1.9014511756234318,True,1.5264944866755665,45.80652843572575,162.9815293391513,130.84238457219143
JBHI35,EBPRCA,0.4,aggregate,35,1050,0.4123809523809524,5.129283016944966,1.1620591567347223,2.472851819429742,True,2.1155321399146385,77.47061044898149,164.85678796198283,141.03547599430925
JBHI35,EBPRCA,0.6,aggregate,35,1050,0.48095238095238096,5.129283016944966,1.4896946490994596,2.7373670071143232,True,2.460265426104538,81.25607176906142,149.31092766078126,134.19629596933842
JBHI35,EBPRCA,0.8,aggregate,35,1050,0.539047619047619,5.129283016944966,1.7886087921234664,2.913697052940697,True,2.6724830580032535,82.55117502108307,134.47832552033987,123.34537190784246
JBHI35,EBPRCA,1.0,aggregate,35,1050,0.5647619047619048,5.129283016944966,1.9271610734161606,3.067203447563641,True,2.80479954186729,77.08644293664642,122.68813790254563,112.1919816746916
JBHI35,EBPRCA,1.2,aggregate,35,1050,0.5866666666666667,5.129283016944966,2.0482473766260676,3.1380184214330136,True,2.9163924029414217,72.29108388092004,110.7535913446946,102.93149657440313
JBHI35,EBPRCA,1.4,aggregate,35,1050,0.6238095238095238,5.129283016944966,2.2601209652246546,3.2965085826685434,True,3.076188540379034,71.37224100709436,104.10027103163821,97.14279601196951
JBHI35,EBPRCA,1.6,aggregate,35,1050,0.6628571428571428,5.129283016944966,2.492022920617649,3.4299885283945626,True,3.269868412495504,71.20065487478998,97.99967223984464,93.42481178558583
JBHI35,EBPRCA,1.8,aggregate,35,1050,0.6780952380952381,5.129283016944966,2.585163701504661,3.4885227439553614,True,3.3618016969006566,67.4390530827303,91.00494114666161,87.69917470175626
JBHI35,EBPRCA,2.0,aggregate,35,1050,0.68,5.129283016944966,2.5969134500203643,3.5279392357076484,True,3.3439880468463583,62.32592280048874,84.67054165698356,80.25571312431259
JBHI35,EEG_TDCA,0.2,aggregate,35,1050,0.3352380952380952,5.129283016944966,0.8271426981647467,2.0926498462973733,True,1.7766338217375401,70.8979455569783,179.36998682548915,152.28289900607487
JBHI35,EEG_TDCA,0.4,aggregate,35,1050,0.4685714285714286,5.129283016944966,1.42851184554377,2.5991571062503724,True,2.316995517667813,95.23412303625133,173.2771404166915,154.46636784452087
JBHI35,EEG_TDCA,0.6,aggregate,35,1050,0.5171428571428571,5.129283016944966,1.673613362605329,2.8183140623654057,True,2.616260515477743,91.2880015966543,153.72622158356756,142.7051190260587
JBHI35,EEG_TDCA,0.8,aggregate,35,1050,0.5657142857142857,5.129283016944966,1.9323668792530264,2.9812572908334287,True,2.846883265845114,89.18616365783198,137.59649034615825,131.39461226977448
JBHI35,EEG_TDCA,1.0,aggregate,35,1050,0.6,5.129283016944966,2.123347285990162,3.140354185409816,True,2.9621288829526153,84.93389143960648,125.61416741639263,118.48515531810462
JBHI35,EEG_TDCA,1.2,aggregate,35,1050,0.6190476190476191,5.129283016944966,2.232490051586753,3.24189305909651,True,3.0696319849754183,78.79376652659128,114.41975502693566,108.33995241089713
JBHI35,EEG_TDCA,1.4,aggregate,35,1050,0.6323809523809524,5.129283016944966,2.3102083968459635,3.2843481953594384,True,3.1424645583226396,72.95394937408307,103.71625880082438,99.23572289439915
JBHI35,EEG_TDCA,1.6,aggregate,35,1050,0.6476190476190476,5.129283016944966,2.400381524107717,3.3401737574775203,True,3.2409528396883727,68.58232926022049,95.43353592792914,92.59865256252493
JBHI35,EEG_TDCA,1.8,aggregate,35,1050,0.6676190476190477,5.129283016944966,2.5209667651460026,3.4399908234633703,True,3.3362637676835054,65.76435039511311,89.73889104687053,87.0329678526132
JBHI35,EEG_TDCA,2.0,aggregate,35,1050,0.6657142857142857,5.129283016944966,2.509371595025254,3.4343867596644735,True,3.361455413575315,60.224918280606104,82.42528223194736,80.67492992580756
JBHI35,EFUSIONCA,0.2,aggregate,35,1050,0.2857142857142857,5.129283016944966,0.6322604189138068,2.0322813837506155,True,1.6084860551101214,54.193750192612015,174.1955471786242,137.87023329515327
JBHI35,EFUSIONCA,0.4,aggregate,35,1050,0.4514285714285714,5.129283016944966,1.345264170342292,2.583136533166001,True,2.275897768638453,89.68427802281948,172.20910221106672,151.7265179092302
JBHI35,EFUSIONCA,0.6,aggregate,35,1050,0.5285714285714286,5.129283016944966,1.7332643815119844,2.8747657447261346,True,2.6427966764197786,94.54169353701732,156.80540425778915,144.15254598653337
JBHI35,EFUSIONCA,0.8,aggregate,35,1050,0.5914285714285714,5.129283016944966,2.07494680529227,3.080163392234043,True,2.9116318663275242,95.766775628874,142.1613873338789,134.38300921511652
JBHI35,EFUSIONCA,1.0,aggregate,35,1050,0.6133333333333333,5.129283016944966,2.1995160123299167,3.259474791902337,True,3.0306847220710442,87.98064049319666,130.37899167609348,121.22738888284177
JBHI35,EFUSIONCA,1.2,aggregate,35,1050,0.6476190476190476,5.129283016944966,2.400381524107717,3.359388782651803,True,3.19709967931404,84.71934790968415,118.56666291712247,112.83881221108376
JBHI35,EFUSIONCA,1.4,aggregate,35,1050,0.6838095238095238,5.129283016944966,2.620485187436259,3.5155515980626495,True,3.3827212993833724,82.7521638137766,111.01741888618893,106.82277787526439
JBHI35,EFUSIONCA,1.6,aggregate,35,1050,0.7133333333333334,5.129283016944966,2.806500658604741,3.66863565928995,True,3.548640349062766,80.1857331029926,104.81816169399856,101.38972425893617
JBHI35,EFUSIONCA,1.8,aggregate,35,1050,0.7323809523809524,5.129283016944966,2.9297537229947,3.7717066068862954,True,3.6613889269972866,76.4283579911661,98.39234626659902,95.51449374775531
JBHI35,EFUSIONCA,2.0,aggregate,35,1050,0.7495238095238095,5.129283016944966,3.0429627087814124,3.849806731289089,True,3.7365569727404306,73.03110501075389,92.39536155093813,89.67736734577034
JBHI35,FUSIONCA,0.2,aggregate,35,1050,0.23333333333333334,5.129283016944966,0.4451178911683398,1.6845415375508668,True,1.4248967354935722,38.15296210014341,144.38927464721718,122.13400589944906
JBHI35,FUSIONCA,0.4,aggregate,35,1050,0.4,5.129283016944966,1.1058547177400944,2.3724829496983815,True,2.0593097520765618,73.72364784933963,158.1655299798921,137.28731680510413
JBHI35,FUSIONCA,0.6,aggregate,35,1050,0.4838095238095238,5.129283016944966,1.503939634235648,2.6758053980399854,True,2.409158448578976,82.03307095830806,145.9530217112719,131.4086426497623
JBHI35,FUSIONCA,0.8,aggregate,35,1050,0.5238095238095238,5.129283016944966,1.708317991374802,2.7887055217318264,True,2.5766574686878774,78.84544575576008,128.709485618392,118.92265240097895
JBHI35,FUSIONCA,1.0,aggregate,35,1050,0.5504761904761905,5.129283016944966,1.849711406976263,2.9133982236217775,True,2.738134791297287,73.98845627905052,116.5359289448711,109.52539165189148
JBHI35,FUSIONCA,1.2,aggregate,35,1050,0.5857142857142857,5.129283016944966,2.0429236950254457,3.1394362145715267,True,2.915510912453516,72.10318923619221,110.80363110252448,102.90038514541823
JBHI35,FUSIONCA,1.4,aggregate,35,1050,0.6180952380952381,5.129283016944966,2.226980536961461,3.2547279670898033,True,3.063053596447305,70.32570116720403,102.78088317125696,96.72800830886227
JBHI35,FUSIONCA,1.6,aggregate,35,1050,0.6428571428571429,5.129283016944966,2.3720460435420714,3.3261988258427,True,3.1723920026553003,67.77274410120204,95.03425216693428,90.63977150443715
JBHI35,FUSIONCA,1.8,aggregate,35,1050,0.6704761904761904,5.129283016944966,2.5384037693537165,3.471684081462698,True,3.315863731966644,66.21922876574914,90.56567169033126,86.50079300782551
JBHI35,FUSIONCA,2.0,aggregate,35,1050,0.6828571428571428,5.129283016944966,2.6145831990939885,3.5456013816046075,True,3.41278041158244,62.74999677825572,85.09443315851058,81.90672987797856
JBHI35,SPECTRAL_TDCA,0.2,aggregate,35,1050,0.3485714285714286,5.129283016944966,0.8823786211330824,2.111846791451468,True,1.8027976546097881,75.6324532399785,181.01543926726868,154.52551325226756
JBHI35,SPECTRAL_TDCA,0.4,aggregate,35,1050,0.5152380952380953,5.129283016944966,1.6637449296356843,2.874762748308881,True,2.5709827498836555,110.91632864237896,191.65084988725874,171.39884999224373
JBHI35,SPECTRAL_TDCA,0.6,aggregate,35,1050,0.5771428571428572,5.129283016944966,1.9952528111809147,3.0843852595462873,True,2.8825006462588303,108.83197151895897,168.23919597525202,157.22730797775435
JBHI35,SPECTRAL_TDCA,0.8,aggregate,35,1050,0.64,5.129283016944966,2.355113204839352,3.303349816029195,True,3.176769089957207,108.69753253104702,152.46229920134746,146.62011184417878
JBHI35,SPECTRAL_TDCA,1.0,aggregate,35,1050,0.6657142857142857,5.129283016944966,2.509371595025254,3.4230375308737186,True,3.305216758150939,100.37486380101016,136.92150123494875,132.20867032603758
JBHI35,SPECTRAL_TDCA,1.2,aggregate,35,1050,0.7,5.129283016944966,2.7217532653391716,3.58428462826599,True,3.4744367185990366,96.06187995314724,126.50416335056437,122.62717830349541
JBHI35,SPECTRAL_TDCA,1.4,aggregate,35,1050,0.7142857142857143,5.129283016944966,2.812601636592524,3.6604539098781537,True,3.561182859593055,88.81899905029023,115.59328136457329,112.45840609241228
JBHI35,SPECTRAL_TDCA,1.6,aggregate,35,1050,0.7371428571428571,5.129283016944966,2.9609797635738184,3.7606535734932827,True,3.6673367108551895,84.59942181639481,107.44724495695093,104.78104888157684
JBHI35,SPECTRAL_TDCA,1.8,aggregate,35,1050,0.7495238095238095,5.129283016944966,3.0429627087814124,3.8343226720531836,True,3.7636340183829233,79.38163588125424,100.02580883617001,98.18175700129366
JBHI35,SPECTRAL_TDCA,2.0,aggregate,35,1050,0.7628571428571429,5.129283016944966,3.1325709643657618,3.907543986308399,True,3.845786341432227,75.18170314477828,93.78105567140157,92.29887219437344
JBHI35,eTRCA,2.0,aggregate,35,1050,0.6485714285714286,5.129283016944966,2.406065794535416,3.3722609869453954,True,3.269891604472308,57.745579068849985,80.93426368668949,78.4773985073354
